"Tower | Issue Title","Issue Author","Issue Status","Sprint","Category","Issue Description","Comments/Responses","Assigned To","Opened Date","Closed Date","Issue URL"
"Foundational Tower Issue | CEAS-*","testkamal","OPEN",,"Foundational","File 1 - This needs to be changes
File 2 -","[testkamal] - File 3 -Remove this
[testkamal] - SalesforcePOC/src/destructiveChangesPost.xml
    
    
        Lines 2 to 4
      in
      9b0b658
    
    
    
    

        
          
           <Package xmlns=""http://soap.sforce.com/2006/04/metadata""> 
        

        
          
           \t<version>44.0</version> 
        

        
          
           </Package> 
        
    
  


Remove",,"2019-03-19T12:35:08Z",,"https://github.com/testkamal/SalesforcePOC/issues/12"
"CEAS-4958","testkamal","OPEN",,"Branch","Issue file 1
Issue file 2","[testkamal] - Issue file 3",,"2019-03-18T16:49:27Z",,"https://github.com/testkamal/SalesforcePOC/issues/11"
"Foundational Tower Issue | CEAS-1293","testkamal","OPEN","Sprint 4","Branch , bug","Feedback

  
    
      SalesforcePOC/src/destructiveChangesPost.xml
    
    
        Lines 2 to 6
      in
      9b0b658
    
    
    
    

        
          
           <Package xmlns=""http://soap.sforce.com/2006/04/metadata""> 
        

        
          
           \t<version>44.0</version> 
        

        
          
           </Package> 
        

        
          
           dnkfsjfked","[testkamalG] - @testkamal Please approve. Changes made as requested
[testkamalG] - Feedback
SalesforcePOC/src/destructiveChangesPost.xml
Lines 2 to 6 in 9b0b658
  
 \t44.0 
  
 dnkfsjfked

This is fixed","testkamalG","2019-03-18T14:42:48Z",,"https://github.com/testkamal/SalesforcePOC/issues/10"
"Benefits | CEAS-877","testkamal","CLOSED","Sprint 4","enhancement","This line is not required
This is the feedback.","[testkamal] - Comment 2
Comment 4hdks
sfhvdk
sfhdk hsdh
[testkamalG] - Comment 3 - multiple comment example
[testkamalG] - Approved","testkamalG","2019-03-15T08:39:55Z","2019-03-18T14:54:05Z","https://github.com/testkamal/SalesforcePOC/issues/9"
"Benefits | CEAS-3389","testkamal","CLOSED","Sprint 3","duplicate","Also this","[testkamal] - Comment 2
[testkamal] - Comment 3
[testkamal] - Comment 4
[testkamal] - Comment 5","testkamalG","2019-03-07T12:04:02Z","2019-03-13T17:32:17Z","https://github.com/testkamal/SalesforcePOC/issues/7"
"Claims | CEAS-123","testkamal","OPEN","Sprint 3","bug","Issue 2 - Comment 1","","testkamalG","2019-03-05T09:26:08Z",,"https://github.com/testkamal/SalesforcePOC/issues/2"
"Members | CEAS-345","testkamalG","OPEN","Sprint 4","invalid","Issue 3
Component 3 Issue","[testkamal] - Issue 3 Comment 2
[testkamal] - Issue 3 Comment 3","testkamalG","2019-03-05T10:43:50Z",,"https://github.com/testkamal/SalesforcePOC/issues/3"
"Foundational | CEAS-234","testkamal","OPEN","Sprint 4","help wanted","Fix this","[testkamalG] - this is comment
[testkamal] - comment author checks","testkamalG","2019-03-07T12:03:49Z",,"https://github.com/testkamal/SalesforcePOC/issues/6"